2/10/11,Book contractors for Mumfordganj incident: Cong,b
2/10/11,Police intensifies drive against zehar khurans,b
2/10/11,Multifunctional complex construction on track,b
2/10/11,Arrested SP MLA brought to city on transit remand,b
2/10/11,CM transfers SP for laxity,b
2/10/11,Wakf board allowed to go ahead with hotel eviction,b
2/10/11,City water has radioactive gas,b
2/10/11,To find success in marriage; fly an F-16: Roemer,b
2/10/11,First Boeing 787 to reach India by year-end,b
2/10/11,Of heat; simulators and flying cars,b
2/10/11,Health is last of their worries,b
2/10/11,No fee hike at IIM-Bangalore,b
2/10/11,MP Prakash: Unlikely trouble-shooter fights till the end,b
2/10/11,Tainted' dal suppliers to be blacklisted: Minister,b
2/10/11,Cong leaders meet Sonia on new chief for state unit,b
2/10/11,Deogarh rallies behind ex-collector,b
2/10/11,Tusker triggers panic in Cuttack village,b
2/10/11,Bright future for micro-finance sector,b
2/10/11,Salary cut for teachers seeking donation,b
2/10/11,Banaras in focus,b
2/10/11,HC summons trial court record,b
2/10/11,Illegal access to NH-22: 12 booked in Zirakpur,b
2/10/11,Rotaract to hold Heartline-2011,b
2/10/11,39 structures removed in Hallomajra,b
2/10/11,Students settle scores with teachers: Letter,b
2/10/11,UBS pupils; faculty meeting held,b
2/10/11,'Loss of heritage items UT's own making',b
2/10/11,Credit card cloning victim gets bank bill,b
2/10/11,Ruling brings hope to GirhotrA,b
2/10/11,CCB arrests two over land fraud,b
2/10/11,Unique design will take care of safety: Officials,b
2/10/11,Facing arrest; Rajini kin settle case out of court,b
2/10/11,Recovery agents seize parked bikes over loan,b
2/10/11,US visa applicants' line puts pedestrians on,b
2/10/11,MLAs want govt to protect farmers and dyeing units,b
